SUMLEV,REGION,DIVISION,STATE,NAME,ESTIMATESBASE2020,POPESTIMATE2020,POPESTIMATE2021,POPESTIMATE2022,POPESTIMATE2023,NPOPCHG_2020,NPOPCHG_2021,NPOPCHG_2022,NPOPCHG_2023,BIRTHS2020,BIRTHS2021,BIRTHS2022,BIRTHS2023,DEATHS2020,DEATHS2021,DEATHS2022,DEATHS2023,NATURALCHG2020,NATURALCHG2021,NATURALCHG2022,NATURALCHG2023,INTERNATIONALMIG2020,INTERNATIONALMIG2021,INTERNATIONALMIG2022,INTERNATIONALMIG2023,DOMESTICMIG2020,DOMESTICMIG2021,DOMESTICMIG2022,DOMESTICMIG2023,NETMIG2020,NETMIG2021,NETMIG2022,NETMIG2023,RESIDUAL2020,RESIDUAL2021,RESIDUAL2022,RESIDUAL2023,RBIRTH2021,RBIRTH2022,RBIRTH2023,RDEATH2021,RDEATH2022,RDEATH2023,RNATURALCHG2021,RNATURALCHG2022,RNATURALCHG2023,RINTERNATIONALMIG2021,RINTERNATIONALMIG2022,RINTERNATIONALMIG2023,RDOMESTICMIG2021,RDOMESTICMIG2022,RDOMESTICMIG2023,RNETMIG2021,RNETMIG2022,RNETMIG2023
10,0,0,0,United States,331464948,331526933,332048977,333271411,334914895,61985,522044,1222434,1643484,894123,3584459,3679254,3653356,852024,3438423,3456087,3148861,42099,146036,223167,504495,19886,376008,999267,1138989,0,0,0,0,19886,376008,999267,1138989,0,0,0,0,10.80346331,11.06009696,10.93514179,10.36331473,10.38924122,9.425098874,0.440148588,0.670855738,1.510042919,1.13327803,3.003867063,3.409195878,0,0,0,1.13327803,3.003867063,3.409195878
20,1,0,0,Northeast Region,57614141,57430477,57243423,57026847,56983517,-183664,-187054,-216576,-43330,146099,572860,588927,581516,193163,560547,563354,525863,-47064,12313,25573,55653,4432,80448,210145,225009,-131531,-276548,-450321,-323300,-127099,-196100,-240176,-98291,-9501,-3267,-1973,-692,9.991113933,10.30761545,10.20110768,9.776365851,9.86002746,9.224828017,0.214748081,0.447587986,0.976279665,1.403074283,3.67803454,3.94716747,-4.823207373,-7.881682611,-5.671414223,-3.42013309,-4.20364807,-1.724246754
30,1,1,0,New England,15119994,15057898,15106108,15120739,15159777,-62096,48210,14631,39038,35418,139200,144753,142522,46210,143827,149344,142818,-10792,-4627,-4591,-296,1562,26735,68504,76068,-46076,24369,-46644,-37031,-44514,51104,21860,39037,-6790,1733,-2638,297,9.229543317,9.577777001,9.413445927,9.536332807,9.881546693,9.432996452,-0.306789489,-0.303769692,-0.019550525,1.772642533,4.532659328,5.024220855,1.615766818,-3.086263016,-2.445863208,3.388409351,1.446396311,2.578357648
30,1,2,0,Middle Atlantic,42494147,42372579,42137315,41906108,41823740,-121568,-235264,-231207,-82368,110681,433660,444174,438994,146953,416720,414010,383045,-36272,16940,30164,55949,2870,53713,141641,148941,-85455,-300917,-403677,-286269,-82585,-247204,-262036,-137328,-2711,-5000,665,-989,10.26294034,10.57010731,10.48596195,9.862040532,9.852287906,9.149544855,0.400899805,0.717819406,1.336417092,1.27116477,3.37066233,3.557656046,-7.121462015,-9.60639121,-6.837919973,-5.850297244,-6.23572888,-3.280263927
20,2,0,0,Midwest Region,68987296,68969794,68850246,68783028,68909283,-17502,-119548,-67218,126255,190125,748083,753976,746365,186179,762461,771652,700527,3946,-14378,-17676,45838,3074,55313,144422,165910,-35580,-177584,-181443,-85729,-32506,-122271,-37021,80181,11058,17101,-12521,236,10.85593938,10.95630407,10.84105561,11.06458829,11.21316056,10.17525227,-0.208648902,-0.256856492,0.665803336,0.802684428,2.098649488,2.409865864,-2.577041771,-2.636615329,-1.245225668,-1.774357343,-0.537965841,1.164640196
30,2,3,0,East North Central,47369629,47345074,47187461,47098310,47146039,-24555,-157613,-89151,47729,127370,500704,503757,497398,133435,530262,537410,484782,-6065,-29558,-33653,12616,1988,37025,97108,122912,-28662,-176319,-143450,-88006,-26674,-139294,-46342,34906,8184,11239,-9156,207,10.59326294,10.68574812,10.5554976,11.21861378,11.3995992,10.28776802,-0.625350838,-0.713851086,0.26772958,0.783328195,2.059865428,2.608368593,-3.730334747,-3.042876958,-1.867613304,-2.947006552,-0.98301153,0.740755289
30,2,4,0,West North Central,21617667,21624720,21662785,21684718,21763244,7053,38065,21933,78526,62755,247379,250219,248967,52744,232199,234242,215745,10011,15180,15977,33222,1086,18288,47314,42998,-6918,-1265,-37993,2277,-5832,17023,9321,45275,2874,5862,-3365,29,11.42957997,11.54479417,11.4604685,10.72822284,10.80763522,9.931190789,0.701357124,0.737158955,1.529277714,0.844955144,2.18300925,1.979287314,-0.058446427,-1.752949876,0.104815043,0.786508717,0.430059374,2.084102357
20,3,0,0,South Region,126268529,126465281,127353282,128702030,130125290,196752,888001,1348748,1423260,348216,1426585,1480366,1485069,314490,1404637,1415735,1267727,33726,21948,64631,217342,8933,155218,407229,499880,158469,715886,856381,706266,167402,871104,1263610,1206146,-4376,-5051,20507,-228,11.2409824,11.56286107,11.47536512,11.06803997,11.05804046,9.795928807,0.172942434,0.504820615,1.679436313,1.223062633,3.180789313,3.862652521,5.640927059,6.689031314,5.457430074,6.863989692,9.869820627,9.320082594
30,3,5,0,South Atlantic,66091701,66174797,66673601,67445114,68225883,83096,498804,771513,780769,172106,699224,728053,727224,168566,727717,744116,671967,3540,-28493,-16063,55257,6004,97722,254571,318731,81223,435697,517949,406986,87227,533419,772520,725717,-7671,-6122,15056,-205,10.52664557,10.85684425,10.72040475,10.95560068,11.09637831,9.905831237,-0.428955116,-0.239534058,0.814573508,1.471180706,3.796203982,4.698587127,6.559311314,7.723739375,5.999602111,8.03049202,11.51994336,10.69818924
30,3,6,0,East South Central,19402683,19424519,19471271,19573370,19700801,21836,46752,102099,127431,54199,223015,227329,227503,56557,258644,260967,231446,-2358,-35629,-33638,-3943,513,7304,18358,30865,23124,72716,115930,100512,23637,80020,134288,131377,557,2361,1449,-3,11.4673079,11.64456859,11.58537503,13.29933137,13.36762195,11.78616857,-1.832023466,-1.723053363,-0.200793544,0.375567639,0.940359523,1.571770923,3.739016485,5.938330948,5.118478503,4.114584123,6.878690471,6.690249426
30,3,7,0,West South Central,40774145,40865965,41208410,41683546,42198606,91820,342445,475136,515060,121911,504346,524984,530342,89367,418276,410652,364314,32544,86070,114332,166028,2416,50192,134300,150284,54122,207473,222502,198768,56538,257665,356802,349052,2738,-1290,4002,-20,12.28997479,12.66670556,12.64493071,10.19260884,9.90812667,8.686329364,2.097365956,2.75857889,3.958601348,1.223085768,3.240362672,3.58321756,5.055731463,5.368482317,4.739220329,6.278817231,8.608844989,8.322437889
20,4,0,0,West Region,78594982,78661381,78602026,78759506,78896805,66399,-59355,157480,137299,209683,836931,855985,840406,158192,710778,705346,654744,51491,126153,150639,185662,3447,85029,237471,248190,8642,-261754,-224617,-297237,12089,-176725,12854,-49047,2819,-8783,-6013,684,10.64368394,10.87921539,10.66124147,9.039331063,8.964655987,8.305966261,1.60435288,1.914559398,2.355275204,1.081357725,3.018158212,3.148494322,-3.328860858,-2.854789187,-3.770695865,-2.247503133,0.163369025,-0.622201543
30,4,8,0,Mountain,24925576,25004426,25277400,25522359,25716830,78850,272974,244959,194471,68922,277182,282566,280284,54872,241248,250269,222699,14050,35934,32297,57585,1032,21392,58125,57354,64772,215203,153301,79197,65804,236595,211426,136551,-1004,445,1236,335,11.0251366,11.12469845,10.94022,9.595832896,9.853156981,8.69252634,1.429303701,1.271541465,2.247693655,0.850883976,2.288396683,2.238677119,8.55987211,6.035501074,3.091266726,9.410756085,8.323897757,5.329943844
30,4,9,0,Pacific,53669406,53656955,53324626,53237147,53179975,-12451,-332329,-87479,-57172,140761,559749,573419,560122,103320,469530,455077,432045,37441,90219,118342,128077,2415,63637,179346,190836,-56130,-476957,-377918,-376434,-53715,-413320,-198572,-185598,3823,-9228,-7249,349,10.46439948,10.76218955,10.52691502,8.77777269,8.541092874,8.119839963,1.686626785,2.221096678,2.407075057,1.189681428,3.366047598,3.586565703,-8.916619021,-7.09293754,-7.074688601,-7.726937593,-3.726889942,-3.488122898
40,3,6,1,Alabama,5024294,5031864,5050380,5073903,5108468,7570,18516,23523,34565,13867,57184,58106,58251,15165,69135,67208,59813,-1298,-11951,-9102,-1562,125,1806,4374,5384,9615,27715,28464,30744,9740,29521,32838,36128,-872,946,-213,-1,11.34350647,11.47854125,11.4415395,13.71420886,13.2765945,11.74834427,-2.370702395,-1.798053255,-0.306804771,0.358253579,0.864061188,1.057514011,5.497784025,5.622916704,6.038672133,5.856037604,6.486977893,7.096186144
40,4,9,2,Alaska,733374,732964,734923,733276,733406,-410,1959,-1647,130,2406,9453,9356,9266,1171,5330,6340,5581,1235,4123,3016,3685,63,873,2356,2004,-1663,-2948,-7202,-5543,-1600,-2075,-4846,-3539,-45,-89,183,-16,12.87973802,12.74486633,12.63532245,7.262139388,8.636431437,7.610374982,5.61759863,4.108434892,5.024947467,1.189464857,3.209374206,2.732698704,-4.016657958,-9.810659182,-7.558557342,-2.827193101,-6.601284976,-4.825858639
40,4,8,4,Arizona,7157902,7186683,7272487,7365684,7431344,28781,85804,93197,65660,18110,75693,79137,78494,18025,80276,79807,70792,85,-4583,-670,7702,253,8010,22296,21635,29980,82290,69798,36179,30233,90300,92094,57814,-1537,87,1773,144,10.46989558,10.81241639,10.60942779,11.10381855,10.90395788,9.568407926,-0.633922971,-0.091541491,1.041019859,1.107947413,3.046282217,2.924235867,11.38239609,9.536437305,4.890036026,12.4903435,12.58271952,7.814271893
40,3,7,5,Arkansas,3011490,3014348,3028443,3046404,3067732,2858,14095,17961,21328,8509,34927,36298,35566,8475,40180,40362,36473,34,-5253,-4064,-907,94,1346,3215,4096,2537,17806,18841,18106,2631,19152,22056,22202,193,196,-31,33,11.55989012,11.95025982,11.63402319,13.29849071,13.2882359,11.9307127,-1.73860059,-1.337976084,-0.296689508,0.44548951,1.058462872,1.339845892,5.893303277,6.202954577,5.922668387,6.338792786,7.261417448,7.262514278
40,4,9,6,California,39538212,39503200,39145060,39040616,38965193,-35012,-358140,-104444,-75423,103133,412506,423922,414120,74587,345181,318145,302704,28546,67325,105777,111416,1383,44116,126517,150982,-67932,-458862,-332785,-338371,-66549,-414746,-206268,-187389,2991,-10719,-3953,550,10.48989514,10.84398119,10.61767079,8.777842002,8.138191451,7.761063025,1.712053134,2.705789741,2.856607769,1.121855716,3.236321702,3.87104504,-11.66871333,-8.5126846,-8.675533382,-10.54685762,-5.276362898,-4.804488343
40,4,8,8,Colorado,5773707,5785219,5811596,5841039,5877610,11512,26377,29443,36571,15593,62137,62682,62498,11914,46481,49599,45099,3679,15656,13083,17399,244,3913,10413,11931,7169,5404,6772,7236,7413,9317,17185,19167,420,1404,-825,5,10.7162182,10.75842503,10.66641726,8.016166508,8.51292433,7.696962338,2.700051695,2.245500696,2.969454926,0.674840463,1.787235248,2.03624155,0.931980031,1.162312215,1.234954644,1.606820493,2.949547463,3.271196193
40,1,1,9,Connecticut,3605912,3577586,3603691,3608706,3617176,-28326,26105,5015,8470,8465,33942,35572,34957,11938,34571,34833,32842,-3473,-629,739,2115,410,6217,15562,15264,-21420,19032,-10081,-9016,-21010,25249,5481,6248,-3843,1485,-1205,107,9.452914851,9.864127002,9.675497054,9.628092608,9.659202066,9.090101388,-0.175177757,0.204924937,0.585395665,1.731446928,4.315347588,4.224812971,5.300450045,-2.795464531,-2.495473909,7.031896973,1.519883057,1.729339062
40,3,5,10,Delaware,989946,991862,1004881,1019459,1031890,1916,13019,14578,12431,2579,10174,10883,10725,2959,11228,11488,10897,-380,-1054,-605,-172,62,939,2378,2277,2195,13284,12669,10320,2257,14223,15047,12597,39,-150,136,6,10.19059539,10.75214638,10.45653373,11.24631462,11.34987206,10.62422825,-1.055719239,-0.597725678,-0.167694527,0.940531656,2.349407708,2.220002545,13.30566828,12.5166721,10.06167161,14.24619994,14.86607981,12.28167416
40,3,5,11,District of Columbia,689548,670839,669037,670949,678972,-18709,-1802,1912,8023,2187,8508,8399,7627,2004,5837,5572,5020,183,2671,2827,2607,50,1745,4527,6969,-15475,-6551,-4917,-1509,-15425,-4806,-390,5460,-3467,333,-525,-44,12.69968266,12.53595187,11.29992051,8.712746553,8.316504799,7.437472267,3.986936105,4.219447069,3.862448247,2.604718646,6.756787011,10.32504865,-9.778516818,-7.338882645,-2.235686385,-7.173798172,-0.582095634,8.089362266
40,3,5,12,Florida,21538216,21591299,21830708,22245521,22610726,53083,239409,414813,365205,50294,207942,222003,223578,56383,250389,260220,231181,-6089,-42447,-38217,-7603,2840,46865,121233,178432,61782,244619,317923,194438,64622,291484,439156,372870,-5450,-9628,13874,-62,9.577724033,10.07359318,9.968644947,11.53281561,11.8077252,10.30763898,-1.955091574,-1.734132019,-0.338994031,2.158582859,5.501060447,7.955725766,11.26705175,14.42605265,8.66938333,13.42563461,19.92711309,16.6251091
40,3,5,13,Georgia,10713771,10732390,10790385,10913150,11029227,18619,57995,122765,116077,29847,121276,125599,125664,24771,109501,110380,97847,5076,11775,15219,27817,730,10161,27010,30119,11606,35341,80599,58206,12336,45502,107609,88325,1207,718,-63,-65,11.26955051,11.57405925,11.45400063,10.17536075,10.1716149,8.918541505,1.09418976,1.402444348,2.535459126,0.944209099,2.488995456,2.745281425,3.284056076,7.427269337,5.305350464,4.228265175,9.916264793,8.050631889
40,4,9,15,Hawaii,1455274,1451181,1446745,1439399,1435138,-4093,-4436,-7346,-4261,3836,15528,15746,15167,2843,12152,13375,12812,993,3376,2371,2355,119,2043,5917,4627,-4831,-9982,-15664,-11193,-4712,-7939,-9747,-6566,-374,127,30,-50,10.71662976,10.91144447,10.55265596,8.386687583,9.268421811,8.914131215,2.329942172,1.643022663,1.638524743,1.409973892,4.100280513,3.219301056,-6.8890648,-10.85462125,-7.787688939,-5.479090908,-6.75434074,-4.568387883
40,4,8,16,Idaho,1839117,1849339,1904537,1938996,1964726,10222,55198,34459,25730,5467,21850,22418,22456,3629,17141,18938,16817,1838,4709,3480,5639,58,698,1779,4664,8814,51524,28586,15389,8872,52222,30365,20053,-488,-1733,614,38,11.64130089,11.66530898,11.50491762,9.13242739,9.854475036,8.615879922,2.508873495,1.810833939,2.889037693,0.371882289,0.925710798,2.389514417,27.45109322,14.87485602,7.884270448,27.82297551,15.80056682,10.27378487
40,2,3,17,Illinois,12813469,12790357,12690341,12582515,12549689,-23112,-100016,-107826,-32826,33452,131888,129614,127235,35296,128385,127064,116782,-1844,3503,2550,10453,504,11447,31224,40492,-22545,-115656,-142403,-83839,-22041,-104209,-111179,-43347,773,690,803,68,10.35199271,10.25717078,10.12525603,10.07703949,10.05537324,9.293414935,0.274953222,0.201797533,0.831841091,0.898484021,2.470951443,3.222319857,-9.077930283,-11.26924476,-6.671838252,-8.179446262,-8.798293315,-3.449518395
40,2,3,18,Indiana,6785442,6789098,6813798,6832274,6862199,3656,24700,18476,29925,19436,77712,80234,79587,19149,77868,79739,72079,287,-156,495,7508,342,6065,15475,17869,1596,16132,5011,4599,1938,22197,20486,22468,1431,2659,-2505,-51,11.42580227,11.75928135,11.62322931,11.44873856,11.686733,10.52672856,-0.022936292,0.072548349,1.096500756,0.89172188,2.268051935,2.609665958,2.371847877,0.734423796,0.671657829,3.263569758,3.002475731,3.281323787
40,2,4,19,Iowa,3190427,3190904,3197944,3199693,3207004,477,7040,1749,7311,9104,35887,36848,36898,8036,35499,35708,33119,1068,388,1140,3779,199,3701,9355,7112,-1270,1805,-7990,-3603,-1071,5506,1365,3509,480,1146,-756,23,11.2342632,11.51925312,11.51857189,11.11280156,11.16287154,10.33886884,0.121461647,0.356381583,1.179703051,1.158581328,2.924517287,2.220176793,0.565047095,-2.497797234,-1.124760544,1.723628423,0.426720053,1.09541625
40,2,4,20,Kansas,2937835,2938124,2937946,2936716,2940546,289,-178,-1230,3830,8510,34168,34547,34768,6984,32824,33274,30329,1526,1344,1273,4439,135,2069,5518,3932,-1920,-4975,-7004,-4574,-1785,-2906,-1486,-642,548,1384,-1017,33,11.62954151,11.7613575,11.83135957,11.17209291,11.32797087,10.32079223,0.457448601,0.433386636,1.510567336,0.704212169,1.878576163,1.338038018,-1.693308623,-2.384477609,-1.556507095,-0.989096454,-0.505901446,-0.218469076
40,3,6,21,Kentucky,4506297,4508155,4507600,4511563,4526154,1858,-555,3963,14591,12579,51364,52384,52380,12785,58401,61410,54385,-206,-7037,-9026,-2005,122,1757,4436,7627,1010,3216,9400,8965,1132,4973,13836,16592,932,1509,-847,4,11.39427591,11.61615551,11.59142292,12.95532099,13.61767162,12.03511905,-1.561045082,-2.001516105,-0.443696124,0.389762144,0.983683297,1.687815629,0.713417789,2.08445063,1.983908104,1.103179933,3.068133928,3.671723733
40,3,7,22,Louisiana,4657785,4652022,4627047,4588023,4573749,-5763,-24975,-39024,-14274,13555,57028,56541,56209,14807,56872,56876,50094,-1252,156,-335,6115,193,3183,8225,9274,-5154,-28324,-47539,-29692,-4961,-25141,-39314,-20418,450,10,625,29,12.29175039,12.27142062,12.27033373,12.25812633,12.34412761,10.93543913,0.033624063,-0.07270699,1.334894603,0.686060207,1.785119375,2.024499191,-6.104922811,-10.31766443,-6.481715546,-5.418862604,-8.532545059,-4.457216355
40,1,1,23,Maine,1363177,1364517,1378787,1389338,1395722,1340,14270,10551,6384,2997,11590,12009,11945,3704,16116,17977,16998,-707,-4526,-5968,-5053,58,1012,2504,2209,1803,17938,13861,9216,1861,18950,16365,11425,186,-154,154,12,8.449665075,8.676631294,8.577912146,11.74933584,12.9885753,12.20655928,-3.299670762,-4.311944005,-3.628647139,0.737796467,1.809166855,1.5863213,13.0776611,10.01472116,6.618169806,13.81545757,11.82388801,8.204491106
40,3,5,24,Maryland,6177253,6173689,6175045,6163981,6180253,-3564,1356,-11064,16272,17156,67431,68904,67969,16929,58995,57559,53770,227,8436,11345,14199,508,9041,23536,32977,-5257,-17683,-45734,-30905,-4749,-8642,-22198,2072,958,1562,-211,1,10.92111953,11.16846662,11.01226694,9.55482562,9.329585658,8.711759677,1.366293905,1.838880962,2.300507265,1.464279658,3.81488782,5.342899365,-2.863937307,-7.412902769,-5.007196072,-1.399657649,-3.598014949,0.335703293
40,1,1,25,Massachusetts,7032933,6997713,6991951,6982740,7001399,-35220,-5762,-9211,18659,17113,66441,69069,68387,22133,61652,63566,61404,-5020,4789,5503,6983,908,16477,42932,50647,-27235,-26269,-56813,-39149,-26327,-9792,-13881,11498,-3873,-759,-833,178,9.498584098,9.884869726,9.780652209,8.813935774,9.097303118,8.781949321,0.684648323,0.787566609,0.998702888,2.355596246,6.144250345,7.243492073,-3.755486908,-8.130841677,-5.599057618,-1.399890662,-1.986591331,1.644434455
40,2,3,26,Michigan,10077674,10070627,10038117,10033281,10037261,-7047,-32510,-4836,3980,26588,102799,104411,101911,31057,115214,117927,105941,-4469,-12415,-13516,-4030,409,7044,18766,22817,-4859,-29881,-8588,-15051,-4450,-22837,10178,7766,1872,2742,-1498,244,10.22430839,10.40395891,10.15528131,11.45909461,11.75075099,10.55686488,-1.23478622,-1.346792087,-0.401583575,0.700590748,1.869924556,2.273680502,-2.971940963,-0.855745076,-1.49981002,-2.271350215,1.014179481,0.773870481
40,2,4,27,Minnesota,5706804,5710578,5717968,5714300,5737915,3774,7390,-3668,23615,16461,63012,64630,63754,12746,51396,53436,49911,3715,11616,11194,13843,295,5523,14231,14575,-1510,-10887,-28893,-4686,-1215,-5364,-14662,9889,1274,1138,-200,-117,11.02712454,11.30659288,11.13391602,8.994320012,9.3482763,8.716392418,2.032804523,1.958316583,2.417523597,0.966527151,2.489619733,2.545359129,-1.905229239,-5.054640077,-0.818356973,-0.938702089,-2.565020344,1.727002156
40,3,6,28,Mississippi,2961306,2958409,2949582,2938928,2939690,-2897,-8827,-10654,762,8503,35004,34786,34628,9676,41703,40733,36032,-1173,-6699,-5947,-1404,58,627,1555,4800,-2122,-3456,-5752,-2614,-2064,-2829,-4197,2186,340,701,-510,-20,11.84971338,11.81487337,11.78100023,14.11748935,13.83473918,12.25866352,-2.267775966,-2.019865806,-0.477663288,0.212254893,0.528147188,1.63303688,-1.169940848,-1.95363513,-0.889324668,-0.957685954,-1.425487942,0.743712213
40,2,4,29,Missouri,6154889,6154426,6170393,6177168,6196156,-463,15967,6775,18988,17239,68820,68857,68334,16745,75365,75735,68389,494,-6545,-6878,-55,270,3862,10127,7852,-1291,16811,4614,11171,-1021,20673,14741,19023,64,1839,-1088,20,11.16770964,11.15313381,11.04537471,12.22979421,12.26719998,11.0542648,-1.062084563,-1.114066171,-0.008890093,0.626702916,1.640323947,1.269181992,2.727991381,0.747354073,1.80565869,3.354694296,2.38767802,3.074840682
40,4,8,30,Montana,1084244,1087211,1106366,1122878,1132812,2967,19155,16512,9934,2812,10841,11219,11206,2518,12151,12896,11377,294,-1310,-1677,-171,44,712,1793,609,2746,20376,15837,9485,2790,21088,17630,10094,-117,-623,559,11,9.884312244,10.06529568,9.93576245,11.07870843,11.56984161,10.08737903,-1.194396185,-1.504545936,-0.151616579,0.649168003,1.608617092,0.539967815,18.57787532,14.20840428,8.409843551,19.22704332,15.81702138,8.949811366
40,2,4,31,Nebraska,1961965,1963273,1964253,1968060,1978379,1308,980,3807,10319,6046,24410,24174,24195,4462,19570,19473,18496,1584,4840,4701,5699,93,1580,4042,5441,-778,-6037,-4367,-834,-685,-4457,-325,4607,409,597,-569,13,12.43021689,12.29505383,12.26168706,9.965561017,9.904094613,9.373513692,2.464655867,2.390959214,2.888173363,0.804577742,2.055787523,2.757422578,-3.074199891,-2.221084639,-0.422659517,-2.269622149,-0.165297116,2.334763061
40,4,8,32,Nevada,3104617,3115840,3146632,3177421,3194176,11223,30792,30789,16755,8167,33361,33542,33055,7009,32390,33435,29322,1158,971,107,3733,137,3612,10179,4266,10289,25387,20526,8642,10426,28999,30705,12908,-361,822,-23,114,10.65425921,10.60775424,10.37573469,10.34415803,10.57391518,9.20397194,0.310101187,0.033839059,1.171762747,1.153538092,3.219138107,1.339067741,8.107661,6.491406698,2.712663717,9.261199092,9.710544804,4.051731458
40,1,1,33,New Hampshire,1377524,1378702,1387494,1399003,1402054,1178,8792,11509,3051,2994,12044,12332,12155,3481,13709,14674,14264,-487,-1665,-2342,-2109,88,1542,3834,859,1272,8461,10118,4298,1360,10003,13952,5157,305,454,-101,3,8.707987431,8.851256614,8.678866585,9.911806683,10.5322202,10.18472669,-1.203819252,-1.68096359,-1.505860109,1.114888461,2.751842188,0.613339893,6.117426242,7.262164646,3.068841512,7.232314702,10.01400683,3.682181405
40,1,2,34,New Jersey,9289039,9272392,9269175,9260817,9290841,-16647,-3217,-8358,30024,24722,98001,102468,102055,33966,83971,82566,76563,-9244,14030,19902,25492,901,14745,38635,49298,-9361,-33561,-65605,-44666,-8460,-18816,-26970,4632,1057,1569,-1290,-100,10.5709512,11.05969177,11.00225112,9.057594755,8.911606654,8.254033144,1.513356449,2.148085115,2.748217976,1.590480459,4.169996404,5.314673222,-3.62008238,-7.080952868,-4.815310847,-2.029601921,-2.910956465,0.499362375
40,4,8,35,New Mexico,2117525,2118488,2116950,2113476,2114371,963,-1538,-3474,895,5327,21433,21151,20728,5523,24640,25470,22344,-196,-3207,-4319,-1616,158,2259,5839,3642,702,-1206,-4496,-1088,860,1053,1343,2554,299,616,-498,-43,10.12079506,9.999465775,9.805463632,11.63516028,12.04134052,10.56991892,-1.51436522,-2.041874743,-0.764455289,1.066713761,2.760478496,1.722862724,-0.569480653,-2.125554259,-0.514682769,0.497233108,0.634924237,1.208179955
40,1,2,36,New York,20202320,20104710,19854526,19673200,19571216,-97610,-250184,-181326,-101984,53056,205414,210106,207450,72698,177088,176382,165914,-19642,28326,33724,41536,1343,28769,77285,73867,-72398,-295159,-298341,-216778,-71055,-266390,-221056,-142911,-6913,-12120,6006,-609,10.28117755,10.63081646,10.57220472,8.863432724,8.924469877,8.455419492,1.417744824,1.706346578,2.116785226,1.43991742,3.910419739,3.764459127,-14.77300517,-15.09527768,-11.04758445,-13.33308775,-11.18485794,-7.283125324
40,3,5,37,North Carolina,10439459,10453812,10567100,10695965,10835491,14353,113288,128865,139526,28675,116747,121639,121148,25861,115480,117926,108491,2814,1267,3713,12657,679,9920,26184,29448,12492,101909,98524,97264,13171,111829,124708,126712,-1632,192,444,157,11.10770075,11.44134206,11.2531173,10.98715413,11.09209796,10.07744205,0.120546625,0.3492441,1.175675254,0.943822038,2.462862245,2.735346834,9.695963715,9.267149397,9.03459571,10.63978575,11.73001164,11.76994254
40,2,4,38,North Dakota,779079,779563,777982,778912,783926,484,-1581,930,5014,2563,10019,9839,9649,1751,7766,7390,6945,812,2253,2449,2704,29,453,1260,2298,-448,-4008,-2727,-9,-419,-3555,-1467,2289,91,-279,-52,21,12.86511786,12.63926767,12.34804887,9.972103535,9.493260299,8.887677418,2.893014327,3.146007371,3.460371452,0.581684638,1.618607304,2.940803845,-5.146560774,-3.503128665,-0.011517509,-4.564876135,-1.884521361,2.929286337
40,2,3,39,Ohio,11799331,11798292,11765227,11759697,11785935,-1039,-33065,-5530,26238,32340,128271,128796,128826,33762,146812,149079,131288,-1422,-18541,-20283,-2462,518,9280,23737,28081,-2867,-27624,-4862,637,-2349,-18344,18875,28718,2732,3820,-4122,-18,10.8872533,10.94974845,10.94266656,12.46095713,12.67413234,11.1517924,-1.573703826,-1.724383892,-0.209125837,0.787658244,2.018029899,2.385240711,-2.344641308,-0.413348838,0.0541077,-1.556983064,1.604681061,2.439348411
40,3,7,40,Oklahoma,3959411,3965234,3991634,4019271,4053824,5823,26400,27637,34553,11579,47473,48121,48073,10353,50805,51669,45506,1226,-3332,-3548,2567,172,2188,5663,8380,3825,26348,26304,23587,3997,28536,31967,31967,600,1196,-782,19,11.93258453,12.01387359,11.90943498,12.77009999,12.89966614,11.27349548,-0.837515465,-0.885792554,0.6359395,0.549965137,1.413822783,2.076031559,6.622706321,6.567048292,5.843359951,7.172671458,7.980871075,7.91939151
40,4,9,41,Oregon,4237279,4245044,4256465,4239379,4233358,7765,11421,-17086,-6021,10281,39660,40521,39046,9546,41943,46369,43285,735,-2283,-5848,-4239,177,2609,7234,4304,6407,10253,-17575,-6051,6584,12862,-10341,-1747,446,842,-897,-35,9.330108337,9.539016959,9.216856371,9.86718946,10.91569007,10.21747754,-0.537081123,-1.376673112,-1.000621169,0.61377339,1.70295029,1.015964499,2.41204238,-4.137317022,-1.428346,3.02581577,-2.434366733,-0.412381501
40,1,2,42,Pennsylvania,13002788,12995477,13013614,12972091,12961683,-7311,18137,-41523,-10408,32903,130245,131600,129489,40289,155661,155062,140568,-7386,-25416,-23462,-11079,626,10199,25721,25776,-3696,27803,-39731,-24825,-3070,38002,-14010,951,3145,5551,-4051,-280,10.01534425,10.12864573,9.986128513,11.96973781,11.93440778,10.84053559,-1.954393562,-1.805762053,-0.854407075,0.784264241,1.979626876,1.987832546,2.137944767,-3.057912033,-1.91449189,2.922209008,-1.078285157,0.073340656
40,1,1,44,Rhode Island,1097371,1096444,1097092,1093842,1095962,-927,648,-3250,2120,2546,10030,10386,10006,3389,11332,11078,10434,-843,-1302,-692,-428,77,1072,2663,5777,-430,365,-4855,-3224,-353,1437,-2192,2553,269,513,-366,-5,9.145051643,9.48088806,9.138717438,10.33217599,10.11258212,9.529620003,-1.187124351,-0.631694063,-0.390902565,0.977417284,2.430926719,5.276271301,0.332795997,-4.43189982,-2.944555768,1.310213281,-2.000973101,2.331715533
40,3,5,45,South Carolina,5118422,5132151,5193848,5282955,5373555,13729,61697,89107,90600,13492,55815,57508,57581,14065,64911,64636,58852,-573,-9096,-7128,-1271,335,4028,10467,9291,14724,67368,83401,82562,15059,71396,93868,91853,-757,-603,2367,18,10.81057629,10.97815813,10.80672753,12.57234288,12.33887857,11.04526717,-1.761766585,-1.360720441,-0.238539634,0.780166645,1.998128628,1.743722851,13.04822904,15.92107821,15.49512927,13.82839568,17.91920684,17.23885212
40,2,4,46,South Dakota,886668,887852,896299,909869,919318,1184,8447,13570,9449,2832,11063,11324,11369,2020,9779,9226,8556,812,1284,2098,2813,65,1100,2781,1788,299,6026,8374,4812,364,7126,11155,6600,8,37,317,36,12.4014167,12.53925438,12.43065909,10.96207664,10.21610393,9.354975735,1.439340056,2.323150449,3.07568335,1.233079487,3.079447759,1.954966879,6.755033627,9.272670095,5.261353815,7.988113114,12.35211785,7.216320693
40,3,6,47,Tennessee,6910786,6926091,6963709,7048976,7126489,15305,37618,85267,77513,19250,79463,82053,82244,18931,89405,91616,81216,319,-9942,-9563,1028,208,3114,7993,13054,14621,45241,83818,63417,14829,48355,91811,76471,157,-795,3019,14,11.44192141,11.71124592,11.60371106,12.8734755,13.07615207,11.45867173,-1.43155409,-1.364906155,0.145039334,0.448386586,1.140823475,1.841773797,6.514276664,11.96316052,8.947431354,6.962663249,13.103984,10.78920515
40,3,7,48,Texas,29145459,29234361,29561286,30029848,30503301,88902,326925,468562,473453,88268,364918,384024,390494,55732,270419,261745,232241,32536,94499,122279,158253,1957,43475,117197,128534,52914,191643,224896,186767,54871,235118,342093,315301,1495,-2692,4190,-101,12.41309582,12.8886287,12.90182343,9.198606149,8.784696059,7.673184159,3.214489671,4.103932642,5.22863927,1.478850977,3.933370357,4.246730994,6.51895199,7.547968461,6.17073465,7.997802967,11.48133882,10.41746564
40,4,8,49,Utah,3271614,3283982,3339284,3381236,3417734,12368,55302,41952,36498,11862,45703,46371,45965,4964,21993,23370,21169,6898,23710,23001,24796,120,2054,5462,10285,4636,29664,13803,1338,4756,31718,19265,11623,714,-126,-314,79,13.80074423,13.79982501,13.52116571,6.641134449,6.954818972,6.227119696,7.159609776,6.845006041,7.29404601,0.62023781,1.625469458,3.025458268,8.957514314,4.107717855,0.393589029,9.577752124,5.733187313,3.419047297
40,1,1,50,Vermont,643077,642936,647093,647110,647464,-141,4157,17,354,1303,5153,5385,5072,1565,6447,7216,6876,-262,-1294,-1831,-1804,21,415,1009,1312,-66,4842,1126,844,-45,5257,2135,2156,166,194,-287,2,7.98896769,8.321723872,7.835782273,9.995124141,11.15126452,10.62279947,-2.006156451,-2.829540652,-2.787017196,0.643396389,1.559260796,2.026921597,7.506807987,1.740067053,1.303903833,8.150204375,3.299327849,3.33082543
40,3,5,51,Virginia,8631373,8637193,8657348,8679099,8715698,5820,20155,21751,36599,23580,94275,96018,95669,19723,83763,86329,79980,3857,10512,9689,15689,764,14296,37444,28117,-31,-5468,-24930,-6985,733,8828,12514,21132,1230,815,-452,-222,10.90228414,11.07701019,10.99972595,9.686640426,9.959249436,9.19585322,1.215643711,1.11776075,1.803872733,1.653238441,4.319685573,3.232805764,-0.632338262,-2.876021828,-0.803113713,1.020900179,1.443663745,2.429692051
40,4,9,53,Washington,7705267,7724566,7741433,7784477,7812880,19299,16867,43044,28403,21105,82602,83874,82523,15173,64924,70848,67663,5932,17678,13026,14860,673,13996,37322,28919,11889,-15418,-4692,-15276,12562,-1422,32630,13643,805,611,-2612,-100,10.68175422,10.80439085,10.58166457,8.395707254,9.126421575,8.676213541,2.28604696,1.677969279,1.905451033,1.809905716,4.807705313,3.708192356,-1.993792965,-0.604409017,-1.958793403,-0.183887248,4.203296296,1.749398953
40,3,5,54,West Virginia,1793713,1791562,1785249,1774035,1770071,-2151,-6313,-11214,-3964,4296,17056,17100,17263,5871,27613,30006,25929,-1575,-10557,-12906,-8666,36,727,1792,1101,-813,2878,414,3595,-777,3605,2206,4696,201,639,-514,6,9.536986998,9.608674104,9.741807948,15.44001067,16.86069445,14.63218087,-5.903023671,-7.25202035,-4.890372918,0.406507361,1.006944093,0.621313245,1.609254724,0.232631057,2.02872036,2.015762085,1.239575151,2.650033605
40,2,3,55,Wisconsin,5893713,5896700,5879978,5890543,5910955,2987,-16722,10565,20412,15554,60034,60702,59839,14171,61983,63601,58692,1383,-1949,-2899,1147,215,3189,7906,13653,13,-19290,7392,5648,228,-16101,15298,19301,1376,1328,-1834,-36,10.19540485,10.31424183,10.14091601,10.52639802,10.80682835,9.946533906,-0.330993171,-0.492586522,0.194382103,0.541578873,1.343355999,2.313774065,-3.275966278,1.256019169,0.957166624,-2.734387405,2.599375168,3.270940689
40,4,8,56,Wyoming,576850,577664,579548,581629,584057,814,1884,2081,2428,1584,6164,6046,5882,1290,6176,6754,5779,294,-12,-708,103,18,134,364,322,436,1764,2475,2016,454,1898,2839,2338,66,-2,-50,-13,10.6531906,10.41357175,10.09191154,10.6739301,11.63302408,9.91519157,-0.020739501,-1.219452332,0.176719974,0.2315911,0.626950069,0.552464386,3.048706719,4.26291599,3.458907459,3.280297819,4.889866058,4.011371845
40,X,X,72,Puerto Rico,3285874,3281557,3262693,3220113,3205691,-4317,-18864,-42580,-14422,4545,18794,19698,18805,7301,33341,34137,35099,-2756,-14547,-14439,-16294,-1561,-4317,-28141,1872,0,0,0,0,-1561,-4317,-28141,1872,0,0,0,0,5.743668106,6.059366286,5.85296408,10.18940291,10.50099436,10.92439172,-4.445734805,-4.441628074,-5.071427638,-1.319326126,-8.656545165,0.582650825,0,0,0,-1.319326126,-8.656545165,0.582650825
